Date,Revenue,Z_Score,Anomaly
2009-12-01,44048.69,0.8604485280258706,False
2009-12-02,52941.99,1.381996225285353,False
2009-12-03,67479.08,2.2345240624609635,True
2009-12-04,34064.41,0.27492029409764274,False
2009-12-05,9803.05,-1.1478874870840703,False
2009-12-06,24580.72,-0.281250832595799,False
2009-12-07,33169.63,0.22244590904891584,False
2009-12-08,44804.34,0.9047636323666806,False
2009-12-09,31113.6,0.10187000224307168,False
2009-12-10,38806.36,0.5530120151707656,False
2009-12-11,39415.88,0.5887573237101826,False
2009-12-13,21711.46,-0.4495186236113663,False
2009-12-14,51398.43,1.2914741284729385,False
2009-12-15,46914.58,1.0285186853464354,False
2009-12-16,37174.0,0.4572822411725321,False
2009-12-17,30345.89,0.056847639041214426,False
2009-12-18,31680.52,0.13511703321361657,False
2009-12-20,11423.33,-1.052866144847151,False
2009-12-21,15568.04,-0.8097995715494603,False
2009-12-22,10702.74,-1.0951251550197763,False
2009-12-23,9507.42,-1.1652247123818584,False
2010-01-04,13450.54,-0.9339803873261635,False
2010-01-05,19136.14,-0.6005482994017131,False
2010-01-06,8740.69,-1.2101896034706292,False
2010-01-07,73035.23,2.560364553406762,True
2010-01-08,30317.8,0.05520030061610575,False
2010-01-10,23248.08,-0.359403523191627,False
2010-01-11,19685.34,-0.5683404580677979,False
2010-01-12,38903.13,0.558687093113014,False
2010-01-13,12409.99,-0.9950034559714757,False
2010-01-14,23843.47,-0.3244868686908991,False
2010-01-15,13507.54,-0.930637621564996,False
2010-01-17,17548.29,-0.6936677838555682,False
2010-01-18,12132.69,-1.0112657181744886,False
2010-01-19,22011.471,-0.43192447451007476,False
2010-01-20,13366.46,-0.9389112600489523,False
2010-01-21,27391.96,-0.11638562525502029,False
2010-01-22,29374.48,-0.00012071338081497955,False
2010-01-24,15691.72,-0.8025463562978605,False
2010-01-25,18375.19,-0.6451742223132987,False
2010-01-26,38647.22,0.5436792477456395,False
2010-01-27,23758.02,-0.32949808508198264,False
2010-01-28,18949.43,-0.6114979098450039,False
2010-01-29,25427.991,-0.2315626134864988,False
2010-01-31,18366.19,-0.6457020274334829,False
2010-02-01,16654.131,-0.7461057503510019,False
2010-02-02,19715.71,-0.5665594090122426,False
2010-02-03,17265.551,-0.7102490162862125,False
2010-02-04,22661.8,-0.39378592162070175,False
2010-02-05,19507.18,-0.5787886536469136,False
2010-02-07,17075.3,-0.7214062887217891,False
2010-02-08,13047.56,-0.9576131548074839,False
2010-02-09,18445.98,-0.641022741817982,False
2010-02-10,6123.39,-1.363681196921569,False
2010-02-11,15096.0,-0.8374823636529951,False
2010-02-12,9742.16,-1.151458381947184,False
2010-02-14,17901.06,-0.6729795824947428,False
2010-02-15,42610.561,0.7761094336163619,False
2010-02-16,25728.260000000002,-0.2139533339717621,False
2010-02-17,26558.73,-0.1652504097318195,False
2010-02-18,35798.29,0.37660370985155533,False
2010-02-19,18961.84,-0.610770125229283,False
2010-02-21,11477.911,-1.0496652413732863,False
2010-02-22,26341.79,-0.17797285892879608,False
2010-02-23,20896.28,-0.49732486559712924,False
2010-02-24,30413.861,0.06083379924388666,False
2010-02-25,44631.31,0.89461628570607,False
2010-02-26,12799.391,-0.9721670291264868,False
2010-02-28,16917.02,-0.7306886214354309,False
2010-03-01,23982.670000000002,-0.31632348283204803,False
2010-03-02,21707.53,-0.4497490985138468,False
2010-03-03,31906.24,0.14835438562783976,False
2010-03-04,30037.15,0.038741577618357705,False
2010-03-05,25509.64,-0.2267743067911733,False
2010-03-07,19230.27,-0.5950280442947185,False
2010-03-08,26607.28,-0.16240319433349185,False
2010-03-09,19701.84,-0.5673728153474599,False
2010-03-10,23000.19,-0.37394103555190433,False
2010-03-11,21633.64,-0.45408237855056016,False
2010-03-12,19146.25,-0.599955398316706,False
2010-03-14,9032.7,-1.1930646731211814,False
2010-03-15,20611.431,-0.51402983900595,False
2010-03-16,21152.84,-0.48227890097107434,False
2010-03-17,29619.48,0.014247314890869691,False
2010-03-18,37629.29,0.48398272930239056,False
2010-03-19,35397.14,0.35307826274467236,False
2010-03-21,20836.18,-0.5008494308996934,False
2010-03-22,21653.89,-0.4528948170301454,False
2010-03-23,41914.54,0.7352912727768263,False
2010-03-24,26031.36,-0.19617803042422086,False
2010-03-25,30658.41,0.0751753786145487,False
2010-03-26,29889.94,0.030108445202542442,False
2010-03-28,22562.62,-0.3996023340451331,False
2010-03-29,31812.08,0.14283237117044456,False
2010-03-30,33648.52,0.25053041949392424,False
2010-03-31,24695.87,-0.27449785930810733,False
2010-04-01,28701.81,-0.0395694545135256,False
2010-04-06,17982.48,-0.6682047055074752,False
2010-04-07,32195.350000000002,0.16530924543856124,False
2010-04-08,39938.28,0.6193934786862157,False
2010-04-09,14707.33,-0.8602759209932224,False
2010-04-11,19967.32,-0.5518037372022891,False
2010-04-12,26011.031,-0.19737022490069067,False
2010-04-13,25795.32,-0.21002059937625542,False
2010-04-14,27203.98,-0.1274097148652704,False
2010-04-15,19592.19,-0.5738032410617058,False
2010-04-16,19416.42,-0.5841112750589059,False
2010-04-18,24096.88,-0.30962563585690883,False
2010-04-19,24620.04,-0.278944910670727,False
2010-04-20,21323.69,-0.47225940043957515,False
2010-04-21,25962.71,-0.20020401059096035,False
2010-04-22,35766.15,0.37471885912236375,False
2010-04-23,15124.24,-0.8358262284758834,False
2010-04-25,16774.12,-0.7390689938436912,False
2010-04-26,29918.53,0.03178510613432802,False
2010-04-27,43801.9,0.8459755251802825,False
2010-04-28,31291.74,0.11231702492192046,False
2010-04-29,29714.021,0.019791673098352777,False
2010-04-30,24703.66,-0.27404101465408104,False
2010-05-02,12367.83,-0.9974759297344726,False
2010-05-04,18988.58,-0.6092019575722019,False
2010-05-05,23642.83,-0.3362534041702085,False
2010-05-06,51788.06,1.3143239850259854,False
2010-05-07,32001.21,0.15392390254605143,False
2010-05-09,23143.29,-0.3655489341409733,False
2010-05-10,26539.18,-0.16639691974288656,False
2010-05-11,25259.07,-0.2414689877872387,False
2010-05-12,29794.61,0.02451781607952337,False
2010-05-13,39032.8,0.5662915919946035,False
2010-05-14,16917.19,-0.7306786517831609,False
2010-05-16,18478.89,-0.639092734428508,False
2010-05-17,23339.74,-0.3540281212676163,False
2010-05-18,26274.83,-0.18189972902296747,False
2010-05-19,16710.4,-0.7428058540945961,False
2010-05-20,25434.03,-0.2312084562508553,False
2010-05-21,22560.06,-0.3997524652793188,False
2010-05-23,25155.77,-0.24752701766668775,False
2010-05-24,33580.34,0.24653200248346113,False
2010-05-25,20514.92,-0.5196897278897401,False
2010-05-26,29627.59,0.014722925949169165,False
2010-05-27,29397.36,0.001221084524720367,False
2010-05-28,18652.75,-0.6288967124068137,False
2010-05-30,10784.460000000001,-1.0903326845285024,False
2010-06-01,13191.66,-0.9491624083831992,False
2010-06-02,13778.51,-0.9147465822965128,False
2010-06-03,26787.3,-0.15184591902953803,False
2010-06-04,11447.73,-1.0514352065213177,False
2010-06-06,25686.0,-0.21643167223609444,False
2010-06-07,45828.13,0.9648038105881828,False
2010-06-08,48431.52,1.1174796519033712,False
2010-06-09,36609.86,0.42419824333911094,False
2010-06-10,18089.8,-0.6619109226743438,False
2010-06-11,30960.89,0.09291432225381065,False
2010-06-13,21333.72,-0.47167119095563625,False
2010-06-14,21388.51,-0.4684580306739809,False
2010-06-15,26973.08,-0.14095084844866615,False
2010-06-16,29305.64,-0.004157836100091612,False
2010-06-17,22812.78,-0.3849316975045428,False
2010-06-18,17800.34,-0.6788863082397391,False
2010-06-20,9113.43,-1.188330261193128,False
2010-06-21,18246.3,-0.6527329780844718,False
2010-06-22,12431.13,-0.993763700389176,False
2010-06-23,25098.239999999998,-0.2509008652849329,False
2010-06-24,17268.73,-0.7100625837887607,False
2010-06-25,12377.64,-0.9969006221534716,False
2010-06-27,18834.32,-0.6182485373321616,False
2010-06-28,51270.77,1.2839875060681905,False
2010-06-29,32420.64,0.17852138049704205,False
2010-06-30,31579.91,0.12921675842008923,False
2010-07-01,28965.25,-0.02412001219559666,False
2010-07-02,16778.23,-0.7388279628388069,False
2010-07-04,10493.66,-1.107386654411792,False
2010-07-05,31069.37,0.09927613330243247,False
2010-07-06,19921.23,-0.5545066858677665,False
2010-07-07,24954.42,-0.25933519110547854,False
2010-07-08,20020.69,-0.5486738528395961,False
2010-07-09,33417.54,0.2369845943094603,False
2010-07-11,7679.86,-1.2724019929867565,False
2010-07-12,16259.7,-0.7692371616131606,False
2010-07-13,17463.76,-0.6986250468343662,False
2010-07-14,19502.47,-0.5790648716598099,False
2010-07-15,55987.63,1.5606078237562662,False
2010-07-16,21148.11,-0.4825562918842379,False
2010-07-18,14646.26,-0.8638573719587399,False
2010-07-19,28646.42,-0.04281780180319359,False
2010-07-20,23217.99,-0.3611681516434433,False
2010-07-21,19171.47,-0.5984763710799227,False
2010-07-22,21672.079999999998,-0.4518280642372396,False
2010-07-23,23925.32,-0.31968677434788945,False
2010-07-25,17431.3,-0.7005286639678311,False
2010-07-26,20346.23,-0.529582555192395,False
2010-07-27,28293.86,-0.06349368771121447,False
2010-07-28,23308.920000000002,-0.35583556057918087,False
2010-07-29,32923.63,0.20801923576387735,False
2010-07-30,14391.34,-0.8788071587628944,False
2010-08-01,30724.29,0.0790389120942981,False
2010-08-02,26390.89,-0.17509338877312383,False
2010-08-03,22388.16,-0.40983354307483966,False
2010-08-04,17594.33,-0.6909677674407584,False
2010-08-05,23247.39,-0.35944398825084123,False
2010-08-06,14738.6,-0.8584420914256485,False
2010-08-08,14135.34,-0.893820282181471,False
2010-08-09,31355.41,0.11605095292215775,False
2010-08-10,28280.39,-0.06428363604109043,False
2010-08-11,18674.68,-0.6276106272639645,False
2010-08-12,26131.35,-0.19031411553897304,False
2010-08-13,15269.89,-0.8272845822809003,False
2010-08-15,20679.97,-0.5100103684356928,False
2010-08-16,14341.34,-0.8817394094305852,False
2010-08-17,28821.02,-0.032578382471617366,False
2010-08-18,35233.12,0.3434593076543798,False
2010-08-19,30741.84,0.08006813207865751,False
2010-08-20,23264.37,-0.3584481959240935,False
2010-08-22,22766.81,-0.3876276087684175,False
2010-08-23,20665.02,-0.5108871113853324,False
2010-08-24,26612.19,-0.16211524731792462,False
2010-08-25,30529.81,0.0676336298972482,False
2010-08-26,32072.39,0.158098254596576,False
2010-08-27,12210.79,-1.0066855426315555,False
2010-08-29,14509.78,-0.8718612433812685,False
2010-08-31,22863.48,-0.38195839532750436,False
2010-09-01,20387.01,-0.5271910115478265,False
2010-09-02,33483.72,0.2408657212932158,False
2010-09-03,34775.61,0.3166286275948758,False
2010-09-05,12389.65,-0.9961962955430924,False
2010-09-06,23733.02,-0.330964210415828,False
2010-09-07,24407.5,-0.2914093218089469,False
2010-09-08,16209.63,-0.7721735174317862,False
2010-09-09,23633.48,-0.3368017350450668,False
2010-09-10,16023.15,-0.7831096395220056,False
2010-09-12,15762.29,-0.7984077777054817,False
2010-09-13,32968.56,0.21065415621386427,False
2010-09-14,19756.84,-0.5641473396130001,False
2010-09-15,33851.05,0.26240779404847275,False
2010-09-16,27173.141,-0.1292182684320887,False
2010-09-17,19548.35,-0.5763742384471371,False
2010-09-19,22984.34,-0.3748705590135622,False
2010-09-20,38634.58,0.5429379747768472,False
2010-09-21,55151.61,1.5115794196922099,False
2010-09-22,27261.12,-0.12405873880223345,False
2010-09-23,34375.74,0.29317824610508564,False
2010-09-24,47160.31,1.042929524477868,False
2010-09-26,21858.47,-0.44089722019822186,False
2010-09-27,115243.44,5.03566559249739,True
2010-09-28,40204.85,0.6350264798959422,False
2010-09-29,36895.79,0.44096661200736725,False
2010-09-30,37741.75,0.49057794750416056,False
2010-10-01,34597.86,0.30620447647123517,False
2010-10-03,38663.81,0.544652168517179,False
2010-10-04,35019.51,0.33093214635187135,False
2010-10-05,55162.92,1.5122426947932415,False
2010-10-06,30468.72,0.06405100603146362,False
2010-10-07,47747.15,1.0773447641144211,False
2010-10-08,51889.25,1.320258273927258,False
2010-10-10,23190.78,-0.36276388245680075,False
2010-10-11,40044.11,0.62559988044945,False
2010-10-12,46646.97,1.0128246933228209,False
2010-10-13,51841.53,1.3174597338900138,False
2010-10-14,87053.6,3.3824720492554823,True
2010-10-15,42504.37,0.769881861003307,False
2010-10-17,31444.71,0.12128795261465339,False
2010-10-18,36716.08,0.43042751665755324,False
2010-10-19,46626.44,1.011620711198667,False
2010-10-20,43661.16,0.8377218260008668,False
2010-10-21,33093.23,0.2179654300286847,False
2010-10-22,32940.68,0.20901913324156005,False
2010-10-24,28872.3,-0.029571066186833805,False
2010-10-25,28007.03,-0.08031483689148933,False
2010-10-26,42670.75,0.7796392183251146,False
2010-10-27,30541.15,0.06829866434868045,False
2010-10-28,30771.4,0.08180167867339636,False
2010-10-29,36158.84,0.39774816941627306,False
2010-10-31,30345.65,0.05683356423800963,False
2010-11-01,20819.29,-0.5018399451752393,False
2010-11-02,43000.14,0.7989562992737277,False
2010-11-03,42957.23,0.7964398417507157,False
2010-11-04,84346.78,3.223730554209108,True
2010-11-05,40980.13,0.6804927858488877,False
2010-11-07,31829.1,0.14383050929772628,False
2010-11-08,32430.401,0.17909381447238878,False
2010-11-09,53303.03,1.4031694209066146,False
2010-11-10,73828.15,2.606865357395269,True
2010-11-11,59838.16,1.7864222070255318,False
2010-11-12,36207.04,0.4005748590599272,False
2010-11-14,28344.41,-0.060529182286179165,False
2010-11-15,43238.62,0.8129419620583457,False
2010-11-16,64020.54,2.0316979379762605,True
2010-11-17,45982.431,0.9738527947936898,False
2010-11-18,37235.14,0.4608677972889843,False
2010-11-19,40229.5,0.6364720794751138,False
2010-11-21,32448.6,0.18016109507041467,False
2010-11-22,31847.63,0.14491720139517264,False
2010-11-23,50010.02,1.2100508054823682,False
2010-11-24,41375.81,0.7036974447327253,False
2010-11-25,68099.3,2.2708968726432666,True
2010-11-26,28995.48,-0.02234717344191086,False
2010-11-28,27587.260000000002,-0.10493225414702005,False
2010-11-29,63425.28,1.996788907327268,False
2010-11-30,49956.57,1.2069162295186069,False
2010-12-01,92752.98,3.7167122654639475,True
2010-12-02,94633.06,3.826969582170188,True
2010-12-03,47843.42,1.0829905195499927,False
2010-12-05,63543.2,2.00370432730195,True
2010-12-06,62431.28,1.9384957640535758,False
2010-12-07,107590.62,4.586865861403047,True
2010-12-08,78497.64,2.8807076608007747,True
2010-12-09,76463.8,2.7614330868412518,True
2010-12-10,33650.28,0.2506336347174271,False
2010-12-12,17305.77,-0.7078903724941353,False
2010-12-13,27642.68,-0.10168214750695173,False
2010-12-14,29322.3,-0.0031808101776170626,False
2010-12-15,30311.72,0.05484373893491467,False
2010-12-16,49030.08,1.152582211096431,False
2010-12-17,20046.56,-0.5471567063441327,False
2010-12-19,7417.39,-1.2877945496417325,False
2010-12-20,19621.96,-0.5720573790141628,False
2010-12-21,15951.66,-0.7873021715266698,False
2010-12-22,4886.52,-1.436217454588502,False
2010-12-23,5648.97,-1.3915035641568858,False
2011-01-04,12125.460000000001,-1.0116897216210365,False
2011-01-05,28803.63,-0.03359821925384018,False
2011-01-06,34360.19,0.2922663161474341,False
2011-01-07,23797.79,-0.3271657729009014,False
2011-01-09,15778.2,-0.7974747355430225,False
2011-01-10,15346.83,-0.8227724349534578,False
2011-01-11,60268.78,1.8116759226759511,False
2011-01-12,17153.94,-0.7167944448716452,False
2011-01-13,15171.31,-0.8330658076973193,False
2011-01-14,39532.02,0.5955683555610947,False
2011-01-16,7242.06,-1.2980767798330568,False
2011-01-17,16597.35,-0.7494356728542451,False
2011-01-18,87589.11,3.4138770403565832,True
2011-01-19,21646.78,-0.45331178307509107,False
2011-01-20,15244.73,-0.8287600908168823,False
2011-01-21,24279.76,-0.29890063581476334,False
2011-01-23,10400.25,-1.112864685109172,False
2011-01-24,17632.37,-0.6887369111327795,False
2011-01-25,24119.3,-0.3083108146575164,False
2011-01-26,17490.82,-0.697038112773012,False
2011-01-27,22157.03,-0.423388165011307,False
2011-01-28,17273.5,-0.709782847075063,False
2011-01-30,6615.75,-1.3348067381466846,False
2011-01-31,18818.08,-0.6192009323490274,False
2011-02-01,26376.5,-0.1759372905152852,False
2011-02-02,17145.23,-0.7173052429379568,False
2011-02-03,22184.0,-0.4218065090011545,False
2011-02-04,18114.31,-0.6604735333970417,False
2011-02-06,3457.11,-1.5200452231265789,False
2011-02-07,23415.01,-0.3496139111124748,False
2011-02-08,14168.03,-0.8919031766949348,False
2011-02-09,11920.78,-1.0236931829542955,False
2011-02-10,14198.51,-0.8901156766879105,False
2011-02-11,18599.46,-0.6320219051684385,False
2011-02-13,5713.63,-1.3877115775934281,False
2011-02-14,23003.99,-0.3737181845011597,False
2011-02-15,37784.65,0.49309381857703927,False
2011-02-16,23499.22,-0.3446754145379499,False
2011-02-17,17674.79,-0.6862491896663105,False
2011-02-18,14463.06,-0.8746011384051589,False
2011-02-20,9624.69,-1.1583474116658568,False
2011-02-21,32801.73,0.20087040863604763,False
2011-02-22,29160.48,-0.012670746238531386,False
2011-02-23,19348.07,-0.5881196617216391,False
2011-02-24,21472.89,-0.46350956444718594,False
2011-02-25,18377.69,-0.6450276097799141,False
2011-02-27,9526.5,-1.1641057655270677,False
2011-02-28,15107.02,-0.836836095605836,False
2011-03-01,23631.87,-0.3368961535165665,False
2011-03-02,18686.99,-0.626888707149579,False
2011-03-03,32855.05,0.20399736074807304,False
2011-03-04,17322.47,-0.7069110007711266,False
2011-03-06,9997.42,-1.136488655838489,False
2011-03-07,20285.68,-0.5331335107509686,False
2011-03-08,22230.61,-0.41907306492873314,False
2011-03-09,20345.87,-0.5296036673972025,False
2011-03-10,24431.72,-0.2899889395855174,False
2011-03-11,20896.0,-0.4973412862008682,False
2011-03-13,4148.12,-1.479520932448959,False
2011-03-14,26009.25,-0.19747467166947374,False
2011-03-15,14936.43,-0.8468403484338634,False
2011-03-16,21820.66,-0.44311458815312965,False
2011-03-17,32028.94,0.15555012876635269,False
2011-03-18,23398.74,-0.35056806547974123,False
2011-03-20,20084.8,-0.544914121033483,False
2011-03-21,16051.05,-0.7814734436494342,False
2011-03-22,19064.29,-0.6047619436111846,False
2011-03-23,21578.8,-0.4572984710828834,False
2011-03-24,36697.14,0.42931678010463187,False
2011-03-25,27302.75,-0.12161734689631407,False
2011-03-27,9224.4,-1.1818224240612554,False
2011-03-28,20005.16,-0.5495846098969808,False
2011-03-29,37190.52,0.45825105679313693,False
2011-03-30,29587.420000000002,0.01236715576274652,False
2011-03-31,25688.61,-0.21627860875124094,False
2011-04-01,24586.82,-0.2808930980143408,False
2011-04-03,6918.5,-1.317051960353817,False
2011-04-04,29017.77,-0.02103997609425427,False
2011-04-05,28759.37,-0.03619384754488015,False
2011-04-06,12722.32,-0.9766868589506786,False
2011-04-07,16827.77,-0.7359226888772589,False
2011-04-08,22720.71,-0.3903311438840285,False
2011-04-10,9913.98,-1.1413819957527314,False
2011-04-11,20184.14,-0.539088325406915,False
2011-04-12,24023.96,-0.31390203023066915,False
2011-04-13,24484.420000000002,-0.28689834738177133,False
2011-04-14,35702.7,0.37099783302506395,False
2011-04-15,18021.481,-0.6659174913416631,False
2011-04-17,12725.5,-0.9765003678082136,False
2011-04-18,43713.56,0.8407948247006063,False
2011-04-19,18853.04,-0.617150702682178,False
2011-04-20,25718.95,-0.2144993190460862,False
2011-04-21,27804.47,-0.09219397079643794,False
2011-04-26,21584.41,-0.45696947255796844,False
2011-04-27,23593.2,-0.3391639561829584,False
2011-04-28,21323.29,-0.4722828584449166,False
2011-05-01,6973.66,-1.3138171014172206,False
2011-05-03,28910.41,-0.02733610472791988,False
2011-05-04,27532.0,-0.10817297758495198,False
2011-05-05,25232.67,-0.2430172161397795,False
2011-05-06,30786.7,0.08269894737770969,False
2011-05-08,18867.4,-0.6163085602904173,False
2011-05-09,21624.41,-0.4546236720238159,False
2011-05-10,29870.7,0.02898011514561516,False
2011-05-11,31887.7,0.14726710708025997,False
2011-05-12,59901.56,1.7901403008721632,False
2011-05-13,25885.83,-0.2047126392176015,False
2011-05-15,9680.05,-1.1551008237265894,False
2011-05-16,35706.7,0.3712324130784792,False
2011-05-17,46406.090000000004,0.9986982825061541,False
2011-05-18,32882.87,0.20562886501957614,False
2011-05-19,31553.51,0.1276685300675484,False
2011-05-20,25489.66,-0.22794603415798248,False
2011-05-22,24231.09,-0.3017548886146934,False
2011-05-23,31307.49,0.11324068388224304,False
2011-05-24,32462.48,0.1809750878557657,False
2011-05-25,21884.93,-0.4393454731448799,False
2011-05-26,32764.38,0.19868001738728253,False
2011-05-27,21163.32,-0.4816643012311264,False
2011-05-29,7394.3,-1.289148663000072,False
2011-05-31,18194.65,-0.6557619930241962,False
2011-06-01,15390.89,-0.8201885356650886,False
2011-06-02,28104.56,-0.0745951887390916,False
2011-06-03,15042.26,-0.8406339466706291,False
2011-06-05,25639.54,-0.21915631955651263,False
2011-06-06,16290.98,-0.7674027455954533,False
2011-06-07,33908.26,0.26576287526244446,False
2011-06-08,30192.13,0.047830381787931926,False
2011-06-09,42910.38,0.7936923228750892,False
2011-06-10,58245.12,1.6929983549523702,False
2011-06-12,12472.210000000001,-0.9913545632406012,False
2011-06-13,19719.11,-0.5663600159668395,False
2011-06-14,33334.47,0.23211295305015892,False
2011-06-15,45077.54,0.920785450014943,False
2011-06-16,32307.77,0.17190211783979703,False
2011-06-17,19059.23,-0.605058687378755,False
2011-06-19,22442.18,-0.40666553945346656,False
2011-06-20,26136.73,-0.18999860536712945,False
2011-06-21,19850.66,-0.5586452644601452,False
2011-06-22,21170.42,-0.4812479216363144,False
2011-06-23,22556.81,-0.3999430615727187,False
2011-06-24,16021.710000000001,-0.783194088341235,False
2011-06-26,7082.49,-1.307434764613925,False
2011-06-27,13412.2,-0.9362288371381488,False
2011-06-28,30532.37,0.06778376113143382,False
2011-06-29,12570.63,-0.9855827210263188,False
2011-06-30,41743.04,0.725233652986647,False
2011-07-01,12189.29,-1.0079464104186626,False
2011-07-03,6032.39,-1.3690178931367663,False
2011-07-04,30985.170000000002,0.09433822317804141,False
2011-07-05,25992.260000000002,-0.19847105044635494,False
2011-07-06,22960.48,-0.3762698290321843,False
2011-07-07,27893.66,-0.08696342205541127,False
2011-07-08,17558.3,-0.6930807472718965,False
2011-07-10,5993.87,-1.3712768990511552,False
2011-07-11,20080.03,-0.5451938577471807,False
2011-07-12,17948.19,-0.6702156430153776,False
2011-07-13,19432.85,-0.5831477374895027,False
2011-07-14,32020.91,0.1550792093091216,False
2011-07-15,11857.300000000001,-1.0274159684019957,False
2011-07-17,16958.6,-0.7282501617801794,False
2011-07-18,22018.36,-0.4315204690130804,False
2011-07-19,46599.08,1.0100161836333068,False
2011-07-20,27076.97,-0.13485821801133835,False
2011-07-21,30394.71,0.059710688593147654,False
2011-07-22,14633.77,-0.864589848175529,False
2011-07-24,26796.920000000002,-0.1512817540010742,False
2011-07-25,19687.31,-0.5682249273914908,False
2011-07-26,17293.001,-0.7086392106696502,False
2011-07-27,22855.32,-0.38243693863647144,False
2011-07-28,54198.37,1.4556766471628195,False
2011-07-29,17240.61,-0.7117116815642699,False
2011-07-31,33393.29,0.23556245273563028,False
2011-08-01,19808.4,-0.5611236027244773,False
2011-08-02,20277.05,-0.533639617216212,False
2011-08-03,26617.77,-0.16178800814341024,False
2011-08-04,62079.61,1.91787207220744,False
2011-08-05,19825.4,-0.5601266374974625,False
2011-08-07,7576.96,-1.2784365648608642,False
2011-08-08,19758.62,-0.5640429514892303,False
2011-08-09,25957.12,-0.2005318362156082,False
2011-08-10,19861.56,-0.5580060338145885,False
2011-08-11,54386.17,1.4666901806706656,False
2011-08-12,17970.170000000002,-0.6689266256218606,False
2011-08-14,5718.57,-1.3874218712274604,False
2011-08-15,17243.97,-0.7115146343194011,False
2011-08-16,16077.84,-0.7799023437416854,False
2011-08-17,48769.64,1.1373087038185632,False
2011-08-18,54082.81,1.4488996294196523,False
2011-08-19,17339.59,-0.7059069981425093,False
2011-08-21,14566.84,-0.8685149589192999,False
2011-08-22,29623.18,0.01446430144027885,False
2011-08-23,22399.11,-0.40919138017861534,False
2011-08-24,38617.01,0.5419075818922208,False
2011-08-25,22495.29,-0.4035509027942454,False
2011-08-26,24111.64,-0.3087600354598066,False
2011-08-28,10805.03,-1.0891263566038145,False
2011-08-30,8833.710000000001,-1.2047344443284569,False
2011-08-31,20540.84,-0.5181696491436092,False
2011-09-01,37370.15,0.46878546054188297,False
2011-09-02,30297.05,0.053983416589014094,False
2011-09-04,17005.03,-0.7255272738101618,False
2011-09-05,35698.7,0.3707632529716487,False
2011-09-06,25495.82,-0.227584780875723,False
2011-09-07,21967.420000000002,-0.43450784599332365,False
2011-09-08,23188.3,-0.36290932208991816,False
2011-09-09,25142.15,-0.24832576274856663,False
2011-09-11,35511.67,0.35979487612408473,False
2011-09-12,27989.4,-0.08134874847691692,False
2011-09-13,48162.25,1.1016883091575895,False
2011-09-14,22027.95,-0.4309580633350173,False
2011-09-15,71993.67,2.4992822532979626,True
2011-09-16,23248.98,-0.35935074267960865,False
2011-09-18,15745.73,-0.799378939126621,False
2011-09-19,46607.22,1.0104935540420068,False
2011-09-20,103435.81,4.343206973470483,True
2011-09-21,38503.06,0.5352249826205533,False
2011-09-22,57869.36,1.6709619047345405,False
2011-09-23,31781.1,0.14101554865674318,False
2011-09-25,31372.661,0.11706263804752443,False
2011-09-26,29329.841,-0.0027385681319158804,False
2011-09-27,29274.36,-0.005992252117798876,False
2011-09-28,39057.89,0.5677629953796506,False
2011-09-29,44729.37,0.9003670157155453,False
2011-09-30,40033.44,0.6249741381569649,False
2011-10-02,11582.95,-1.0435052278156147,False
2011-10-03,62275.95,1.9293864341293276,False
2011-10-04,38690.2,0.5461998104195862,False
2011-10-05,74108.43,2.623302381738076,True
2011-10-06,60387.8,1.8186558521653224,False
2011-10-07,49187.67,1.1618240787508585,False
2011-10-09,12466.81,-0.9916712463127119,False
2011-10-10,43080.32,0.8036584564444366,False
2011-10-11,46436.77,1.0004975115158488,False
2011-10-12,27731.37,-0.09648092127260195,False
2011-10-13,33039.18,0.21479566705691083,False
2011-10-14,32124.68,0.16116480234484704,False
2011-10-16,22010.96,-0.4319544421118987,False
2011-10-17,47005.24,1.033835442257092,False
2011-10-18,37302.4,0.46481226088716204,False
2011-10-19,37333.52,0.4666372937027325,False
2011-10-20,61064.06,1.8583151288959732,False
2011-10-21,60417.26,1.8203835342587258,False
2011-10-23,12339.16,-0.9991572822673265,False
2011-10-24,39315.28,0.5828576353667889,False
2011-10-25,36235.95,0.4022702863959858,False
2011-10-26,34435.32,0.29667231600070604,False
2011-10-27,55837.14,1.5517823356966507,False
2011-10-28,37290.57,0.4641184903791863,False
2011-10-30,34571.23,0.30464275976562327,False
2011-10-31,33048.57,0.21534634373230313,False
2011-11-01,29132.81,-0.014293453758031344,False
2011-11-02,38734.7,0.548809513513831,False
2011-11-03,60672.11,1.8353292159119454,False
2011-11-04,56099.24,1.5671531936966854,False
2011-11-06,42941.340000000004,0.7955079724885236,False
2011-11-07,28779.24,-0.03502857112953969,False
2011-11-08,38295.12,0.5230303385437612,False
2011-11-09,61489.18,1.883246296972947,False
2011-11-10,70513.29,2.412465348429242,True
2011-11-11,37081.37,0.45184995358556834,False
2011-11-13,28607.78,-0.04508384511918497,False
2011-11-14,58777.71,1.7242321026144782,False
2011-11-15,47729.0,1.0762803571220492,False
2011-11-16,48439.76,1.1179628868134068,False
2011-11-17,55885.3,1.5546066795397706,False
2011-11-18,36751.25,0.4324900617772068,False
2011-11-20,30190.920000000002,0.04775942132177386,False
2011-11-21,45333.13,0.9357745289780444,False
2011-11-22,49664.89,1.189810652023566,False
2011-11-23,71979.93,2.498476470814481,True
2011-11-24,38579.11,0.5396849358861111,False
2011-11-25,26674.66,-0.15845169333371173,False
2011-11-27,17300.96,-0.7081724550083673,False
2011-11-28,51831.67,1.3168814940583453,False
2011-11-29,48851.68,1.1421199407141103,False
2011-11-30,41481.23,0.7098798020404848,False
2011-12-01,44533.99,0.8889089530064768,False
2011-12-02,44713.69,0.8994474619061575,False
2011-12-04,20375.96,-0.5278390389453862,False
2011-12-05,58202.21,1.6904818974293578,False
2011-12-06,46144.04,0.9833303567567867,False
2011-12-07,69354.21,2.344491086351103,True
2011-12-08,50519.41,1.2399239888346683,False
2011-12-09,184367.28,9.08943411236436,True
